{"cameraMode":{"drawMode":0,"name":"Shaded","section":"Shading Mode"},"sceneLighting":true,"audioPlay":false,"sceneViewState":{"showFog":true,"showMaterialUpdate":false,"showSkybox":true,"showFlares":true,"showImageEffects":true,"showParticleSystems":true},"in2DMode":false,"pivot":{"x":-7.748603820800781e-7,"y":-2.9802322387695315e-8,"z":-8.940696716308594e-8},"rotation":{"x":0.18553659319877625,"y":-0.28288209438323977,"z":0.05587201192975044,"w":0.9393789768218994},"size":9.842365264892579,"orthographic":true}