{"cameraMode":{"drawMode":0,"name":"Shaded","section":"Shading Mode"},"sceneLighting":true,"audioPlay":false,"sceneViewState":{"showFog":true,"showMaterialUpdate":false,"showSkybox":true,"showFlares":true,"showImageEffects":true,"showParticleSystems":true},"in2DMode":false,"pivot":{"x":-1.7881393432617188e-7,"y":1.6361088752746583,"z":-0.005659669637680054},"rotation":{"x":0.18553659319877625,"y":-0.28288209438323977,"z":0.05587201192975044,"w":0.9393789768218994},"size":6.513128757476807,"orthographic":true}